id,siren,name,acronym,kind,taxmodel,towns,start_date,end_date,end_reason,successors,ancestors,population
fr:epci:240100156@1999-01-01,240100156,Montrevel,,DISTRICT,4TX,fr:commune:01154@1942-01-01;fr:commune:01140@1942-01-01;fr:commune:01346@1942-01-01;fr:commune:01375@1942-01-01;fr:commune:01163@1942-01-01;fr:commune:01229@1942-01-01;fr:commune:01266@1955-01-29;fr:commune:01196@1942-01-01;fr:commune:01040@1942-01-01;fr:commune:01024@1942-01-01;fr:commune:01115@1942-01-01;fr:commune:01236@1942-01-01;fr:commune:01130@1942-01-01;fr:commune:01387@1942-01-01,1999-01-01,2016-12-31,removed,,,12611
fr:epci:240100172@1999-01-01,240100172,District Urbain d'Oyonnax,,DISTRICT,4TX,fr:commune:01171@1942-01-01;fr:commune:01014@1942-01-01;fr:commune:01237@1942-01-01;fr:commune:01031@1957-08-22;fr:commune:01181@1942-01-01;fr:commune:01283@1942-01-01,1999-01-01,2016-12-31,removed,,,34994
fr:epci:240100339@1999-01-01,240100339,Plaine de Bresse,,DISTRICT,4TX,fr:commune:01364@1942-01-01;fr:commune:01230@1942-01-01;fr:commune:01128@1942-01-01;fr:commune:01367@1942-01-01;fr:commune:01406@1942-01-01;fr:commune:01139@1942-01-01;fr:commune:01388@1942-01-01;fr:commune:01433@1942-01-01;fr:commune:01437@1942-01-01;fr:commune:01212@1942-01-01;fr:commune:01124@1942-01-01;fr:commune:01380@1942-01-01,1999-01-01,2016-12-31,removed,,,5061
fr:epci:240100347@1999-01-01,240100347,Rhone Et Gland,,DISTRICT,4TX,fr:commune:01340@1942-01-01;fr:commune:01110@1942-01-01;fr:commune:01182@1942-01-01;fr:commune:01193@1942-01-01;fr:commune:01058@1942-01-01;fr:commune:01338@1942-01-01,1999-01-01,2016-12-31,removed,,,1912
fr:epci:240100354@1999-01-01,240100354,Belley-bas Bugey,,DISTRICT,4TX,fr:commune:01456@1942-01-01;fr:commune:01268@1942-01-01;fr:commune:01162@1942-01-01;fr:commune:01006@1942-01-01;fr:commune:01234@1942-01-01;fr:commune:01116@1942-01-01;fr:commune:01015@1942-01-01;fr:commune:01294@1942-01-01;fr:commune:01310@1942-01-01;fr:commune:01061@1942-01-01;fr:commune:01227@1942-01-01;fr:commune:01454@1942-01-01;fr:commune:01302@1942-01-01;fr:commune:01009@1942-01-01;fr:commune:01341@1942-01-01;fr:commune:01271@1942-01-01;fr:commune:01098@1942-01-01;fr:commune:01034@1942-01-01;fr:commune:01133@1942-01-01;fr:commune:01358@1942-01-01;fr:commune:01117@1942-01-01;fr:commune:01239@1942-01-01;fr:commune:01286@1942-01-01,1999-01-01,2016-12-31,removed,,,15773
fr:epci:240100370@1999-01-01,240100370,District Rural du Valromey,,DISTRICT,4TX,fr:commune:01330@1942-01-01;fr:commune:01036@1974-11-01;fr:commune:01079@1956-10-19;fr:commune:01097@1942-01-01;fr:commune:01414@1942-01-01;fr:commune:01187@1942-01-01;fr:commune:01453@1942-01-01;fr:commune:01292@1942-01-01;fr:commune:01022@1942-01-01;fr:commune:01059@1942-01-01;fr:commune:01218@1942-01-01,1999-01-01,2016-12-31,removed,,,3592
fr:epci:240100396@1999-01-01,240100396,Vallée l'Albarine,,DISTRICT,4TX,fr:commune:01107@1942-01-01;fr:commune:01111@1942-01-01;fr:commune:01416@1942-01-01;fr:commune:01384@1956-10-19;fr:commune:01279@1942-01-01;fr:commune:01186@1942-01-01;fr:commune:01076@1942-01-01;fr:commune:01017@1942-01-01;fr:commune:01155@1942-01-01;fr:commune:01277@1942-01-01;fr:commune:01013@1942-01-01;fr:commune:01421@1942-01-01,1999-01-01,2016-12-31,removed,,,5019
fr:epci:240100412@1999-01-01,240100412,Rhone Chartreuse,,DISTRICT,4TX,fr:commune:01280@1942-01-01;fr:commune:01400@1942-01-01;fr:commune:01403@1955-03-31;fr:commune:01190@1942-01-01;fr:commune:01233@1942-01-01;fr:commune:01255@1942-01-01;fr:commune:01216@1942-01-01;fr:commune:01064@1942-01-01;fr:commune:01219@1942-01-01;fr:commune:01037@1942-01-01,1999-01-01,2016-12-31,removed,,,3662
fr:epci:240100438@1999-01-01,240100438,District du Colombier,,DISTRICT,4TX,fr:commune:01039@1942-01-01;fr:commune:01208@1942-01-01;fr:commune:01073@1942-01-01;fr:commune:01138@1942-01-01,1999-01-01,2016-12-31,removed,,,3994
fr:epci:240100578@1999-01-01,240100578,Plateau Hauteville,,DISTRICT,4TX,fr:commune:01417@1942-01-01;fr:commune:01311@1942-01-01;fr:commune:01080@1942-01-01;fr:commune:01185@1942-08-01;fr:commune:01119@1942-01-01;fr:commune:01121@1942-01-01;fr:commune:01012@1942-01-01;fr:commune:01122@1942-01-01,1999-01-01,2017-12-31,inner;renamed;kind;taxmodel,fr:epci:240100578@2017-01-01,,5949
fr:epci:240100586@1999-01-01,240100586,Valsemine,,DISTRICT,4TX,fr:commune:01257@1942-01-01;fr:commune:01081@1942-01-01;fr:commune:01174@1942-01-01;fr:commune:01357@1942-01-01,1999-01-01,2005-12-31,removed,,,1486
fr:epci:240100594@1999-01-01,240100594,Val Saône-chalaronne,,CC,4TX,fr:commune:01188@1942-01-01;fr:commune:01348@1942-01-01;fr:commune:01295@1947-05-21;fr:commune:01167@1942-01-01;fr:commune:01420@1942-01-01;fr:commune:01252@1942-01-01,1999-01-01,2016-12-31,removed,,,5681
fr:epci:240100602@1999-01-01,240100602,Saône Vallée,,CC,4TX,fr:commune:01353@1942-01-01;fr:commune:01427@1942-01-01;fr:commune:01322@1942-01-01;fr:commune:01347@1942-01-01;fr:commune:01250@1942-01-01;fr:commune:01339@1942-01-01;fr:commune:01423@1942-01-01,1999-01-01,2016-12-31,removed,,,16872
fr:epci:240100610@1999-01-01,240100610,Montluel,,CC,4TX,fr:commune:01142@1942-01-01;fr:commune:01297@1942-01-01;fr:commune:01032@1942-01-01;fr:commune:01062@1942-01-01;fr:commune:01027@1942-01-01;fr:commune:01262@1942-01-01;fr:commune:01276@1942-01-01;fr:commune:01049@1942-01-01;fr:commune:01342@1942-01-01,1999-01-01,2017-12-31,renamed;taxmodel,fr:epci:240100610@2017-01-01,,21306
fr:epci:240100628@1999-01-01,240100628,Communauté de Communes du Bassin de Vie de Bourg,,CC,4TX,fr:commune:01259@1942-01-01;fr:commune:01211@1942-01-01;fr:commune:01385@1942-01-01;fr:commune:01405@1942-01-01;fr:commune:01065@1942-01-01;fr:commune:01264@1942-01-01;fr:commune:01053@1955-03-31;fr:commune:01289@1942-01-01;fr:commune:01336@1942-01-01;fr:commune:01429@1942-01-01;fr:commune:01195@1942-01-01;fr:commune:01451@1942-01-01;fr:commune:01344@1942-01-01;fr:commune:01301@1942-01-01,1999-01-01,2016-12-31,removed,,,69603
fr:epci:240100636@1999-01-01,240100636,Communauté de Communes de Treffort en Revermont,,CC,4TX,fr:commune:01408@1994-06-13;fr:commune:01309@1942-01-01;fr:commune:01426@1972-12-01;fr:commune:01241@1942-01-01;fr:commune:01150@1942-01-01;fr:commune:01125@1942-01-01;fr:commune:01350@1942-01-01;fr:commune:01095@1942-01-01;fr:commune:01312@1942-01-01;fr:commune:01172@1942-01-01;fr:commune:01127@1942-01-01,1999-01-01,2016-12-31,removed,,,7767
fr:epci:240100644@1999-01-01,240100644,Chalaronne Centre,,CC,4TX,fr:commune:01335@1942-01-01;fr:commune:01328@1942-01-01;fr:commune:01272@1942-01-01;fr:commune:01001@1942-01-01;fr:commune:01356@1942-01-01;fr:commune:01046@1942-01-01;fr:commune:01393@1942-01-01;fr:commune:01093@1942-01-01;fr:commune:01146@1942-01-01;fr:commune:01319@1942-01-01;fr:commune:01412@1942-01-01;fr:commune:01028@1942-01-01;fr:commune:01113@1942-01-01,1999-01-01,2016-12-31,removed,,,10630
fr:epci:240100651@1999-01-01,240100651,Communauté de Communes du Canton de Coligny,,CC,4TX,fr:commune:01232@1942-01-01;fr:commune:01432@1942-01-01;fr:commune:01445@1942-01-01;fr:commune:01147@1942-01-01;fr:commune:01391@1942-01-01;fr:commune:01038@1942-01-01;fr:commune:01029@1942-01-01;fr:commune:01108@1942-01-01;fr:commune:01296@1942-01-01,1999-01-01,2016-12-31,removed,,,6113
fr:epci:240100669@1999-01-01,240100669,Communauté de Communes des Bords de Veyle,,CC,4TX,fr:commune:01457@1942-01-01;fr:commune:01096@1942-01-01;fr:commune:01246@1942-01-01;fr:commune:01084@1942-01-01;fr:commune:01368@1942-01-01,1999-01-01,2016-12-31,removed,,,6291
fr:epci:240100677@1999-01-01,240100677,Communauté de Communes du Canton de Chalamont,,CC,4TX,fr:commune:01074@1942-01-01;fr:commune:01092@1942-01-01;fr:commune:01449@1991-03-21;fr:commune:01381@1942-01-01;fr:commune:01299@1942-01-01;fr:commune:01434@1942-01-01;fr:commune:01090@1942-01-01;fr:commune:01129@1942-01-01,1999-01-01,2016-12-31,removed,,,5066
fr:epci:240100685@1999-01-01,240100685,Communauté de Communes du Canton de Pont de Vau,,CC,4TX,fr:commune:01016@1942-01-01;fr:commune:01402@1942-01-01;fr:commune:01305@1942-01-01;fr:commune:01050@1942-01-01;fr:commune:01323@1942-01-01;fr:commune:01175@1942-01-01;fr:commune:01337@1942-01-01;fr:commune:01094@1942-01-01;fr:commune:01284@1942-01-01;fr:commune:01102@1942-01-01;fr:commune:01352@1942-01-01;fr:commune:01057@1942-01-01,1999-01-01,2016-12-31,removed,,,7761
fr:epci:240100693@1999-01-01,240100693,Communauté de Communes de la Valliere,,CC,4TX,fr:commune:01321@1942-01-01;fr:commune:01369@1942-01-01;fr:commune:01072@1942-01-01;fr:commune:01254@1942-01-01,1999-01-01,2016-12-31,removed,,,5218
fr:epci:240100701@1999-01-01,240100701,Communauté de Communes des Monts Berthiand,,CC,4TX,fr:commune:01392@1942-01-01;fr:commune:01404@1942-01-01;fr:commune:01267@1973-03-01;fr:commune:01051@1942-01-01;fr:commune:01240@1973-01-01;fr:commune:01410@1942-01-01;fr:commune:01293@1942-01-01;fr:commune:01067@1942-01-01;fr:commune:01192@1942-01-01;fr:commune:01214@1942-01-01,1999-01-01,2016-12-31,removed,,,4597
fr:epci:240100727@1999-01-01,240100727,District de Montmerle Trois Rivier,,DISTRICT,4TX,fr:commune:01169@1942-01-01;fr:commune:01258@1942-01-01;fr:commune:01225@1942-01-01;fr:commune:01183@1942-01-01;fr:commune:01165@1998-12-09;fr:commune:01263@1962-05-16,1999-01-01,2016-12-31,removed,,,6549
fr:epci:240100735@1999-01-01,240100735,Porte Ouest de la Dombes,,DISTRICT,4TX,fr:commune:01166@1942-01-01;fr:commune:01194@1942-01-01;fr:commune:01398@1942-01-01;fr:commune:01005@1942-01-01;fr:commune:01157@1942-01-01;fr:commune:01030@1942-01-01;fr:commune:01021@1956-10-19,1999-01-01,2016-12-31,removed,,,13259
fr:epci:240100743@1999-01-01,240100743,Bugey Arene Furans,,DISTRICT,4TX,fr:commune:01141@1942-01-01;fr:commune:01329@1942-01-01;fr:commune:01100@1942-01-01;fr:commune:01066@1942-01-01;fr:commune:01316@1942-01-01;fr:commune:01372@1942-01-01;fr:commune:01452@1942-01-01;fr:commune:01019@1942-01-01,1999-01-01,2016-12-31,removed,,,2075
fr:epci:240100750@1999-01-01,240100750,Pays Gex,,CC,4TX,fr:commune:01435@1942-01-01;fr:commune:01401@1942-01-01;fr:commune:01180@1942-01-01;fr:commune:01308@1942-01-01;fr:commune:01354@1942-01-01;fr:commune:01247@1942-01-01;fr:commune:01135@1942-01-01;fr:commune:01209@1942-01-01;fr:commune:01104@1962-08-27;fr:commune:01173@1942-01-01;fr:commune:01399@1942-01-01;fr:commune:01281@1942-01-01;fr:commune:01109@1942-01-01;fr:commune:01103@1942-01-01;fr:commune:01419@1942-01-01;fr:commune:01078@1942-01-01;fr:commune:01153@1942-01-01;fr:commune:01360@1942-01-01;fr:commune:01210@1942-01-01;fr:commune:01313@1975-01-01;fr:commune:01397@1942-01-01;fr:commune:01158@1942-01-01;fr:commune:01160@1942-01-01;fr:commune:01143@1942-01-01;fr:commune:01288@1942-01-01,1999-01-01,2017-12-31,inner;renamed;taxmodel,fr:epci:240100750@2017-01-01,,56156
fr:epci:240100784@1999-01-01,240100784,Communauté de Communes du Pays du Cerdon,,CC,4TX,fr:commune:01303@1942-01-01;fr:commune:01056@1942-01-01;fr:commune:01077@1942-01-01;fr:commune:01363@1942-01-01;fr:commune:01200@1942-01-01;fr:commune:01199@1942-01-01;fr:commune:01242@1942-01-01;fr:commune:01331@1942-01-01;fr:commune:01068@1942-01-01,1999-01-01,2016-12-31,removed,,,6244
fr:epci:240100800@1999-01-01,240100800,Communauté de Communes de Miribel Et du Plateau,,CC,4TX,fr:commune:01275@1942-01-01;fr:commune:01043@1942-01-01;fr:commune:01424@1942-01-01;fr:commune:01418@1942-01-01;fr:commune:01249@1942-01-01;fr:commune:01376@1942-01-01,1999-01-01,2017-12-31,renamed;taxmodel,fr:epci:240100800@2017-01-01,,20892
fr:epci:240100818@1999-01-01,240100818,Communauté de Communes du Pays de Bage,,CC,4TX,fr:commune:01320@1942-01-01;fr:commune:01144@1942-01-01;fr:commune:01025@1942-01-01;fr:commune:01023@1942-01-01;fr:commune:01026@1942-01-01;fr:commune:01159@1942-01-01;fr:commune:01231@1942-01-01;fr:commune:01439@1942-01-01;fr:commune:01332@1942-01-01,1999-01-01,2016-12-31,removed,,,12007
fr:epci:240100826@1999-01-01,240100826,Canton de Pont de Veyle,,CC,TPU,fr:commune:01334@1942-01-01;fr:commune:01306@1942-01-01;fr:commune:01343@1942-01-01;fr:commune:01291@1942-01-01;fr:commune:01355@1942-01-01;fr:commune:01123@1942-01-01;fr:commune:01365@1942-01-01;fr:commune:01203@1942-01-01;fr:commune:01179@1942-01-01;fr:commune:01134@1942-01-01;fr:commune:01136@1942-01-01;fr:commune:01042@1942-01-01,1999-01-01,2016-12-31,removed,,,11412
fr:epci:240200261@1999-01-01,240200261,District de St Quentin,,DISTRICT,4TX,fr:commune:02303@1942-01-01;fr:commune:02214@1942-01-01;fr:commune:02310@1942-01-01;fr:commune:02359@1942-01-01;fr:commune:02371@1942-01-01;fr:commune:02288@1942-01-01;fr:commune:02481@1942-01-01;fr:commune:02420@1942-01-01;fr:commune:02383@1942-01-01;fr:commune:02691@1942-01-01;fr:commune:02525@1942-01-01;fr:commune:02549@1942-01-01;fr:commune:02637@1942-01-01;fr:commune:02571@1942-01-01;fr:commune:02142@1942-01-01;fr:commune:02322@1942-01-01;fr:commune:02659@1942-01-01;fr:commune:02319@1942-01-01;fr:commune:02340@1942-01-01,1999-01-01,2016-12-31,removed,,,78137
fr:epci:240200279@1999-01-01,240200279,District de la Vallée de l'Oise,,DISTRICT,4TX,fr:commune:02149@1942-01-01;fr:commune:02636@1942-01-01;fr:commune:02123@1942-01-01;fr:commune:02066@1942-01-01;fr:commune:02813@1942-01-01;fr:commune:02124@1965-02-25;fr:commune:02287@1942-01-01;fr:commune:02075@1942-01-01;fr:commune:02532@1942-01-01;fr:commune:02170@1942-01-01;fr:commune:02717@1942-01-01;fr:commune:02721@1942-01-01;fr:commune:02648@1942-01-01;fr:commune:02387@1942-01-01;fr:commune:02483@1942-01-01,1999-01-01,2016-12-31,removed,,,9201
fr:epci:240200402@1999-01-01,240200402,Communauté de Communes du Val d'Origny,,CC,4TX,fr:commune:02741@1942-01-01;fr:commune:02575@1942-01-01;fr:commune:02503@1942-01-01;fr:commune:02552@1942-01-01,1999-01-01,2016-12-31,removed,,,3492
fr:epci:240200410@1999-01-01,240200410,Communauté de Communes du Laonnois,,CC,4TX,fr:commune:02821@1942-01-01;fr:commune:02150@1942-01-01;fr:commune:02191@1942-01-01;fr:commune:02561@1942-01-01;fr:commune:02508@1942-01-01;fr:commune:02151@1942-01-01;fr:commune:02282@1942-01-01;fr:commune:02294@1942-01-01;fr:commune:02309@1942-01-01;fr:commune:02024@1942-01-01;fr:commune:02238@1942-01-01;fr:commune:02765@1942-01-01;fr:commune:02196@1942-01-01;fr:commune:02824@1942-01-01;fr:commune:02407@1942-01-01;fr:commune:02037@1942-01-01;fr:commune:02621@1942-01-01;fr:commune:02429@1942-01-01;fr:commune:02205@1942-01-01;fr:commune:02501@1942-01-01;fr:commune:02471@1942-01-01;fr:commune:02028@1942-01-01;fr:commune:02158@1942-01-01;fr:commune:02791@1942-01-01;fr:commune:02489@1942-01-01;fr:commune:02088@1942-01-01;fr:commune:02573@1942-01-01;fr:commune:02587@1942-01-01;fr:commune:02497@1942-01-01;fr:commune:02080@1942-01-01;fr:commune:02128@1942-01-01;fr:commune:02132@1942-01-01;fr:commune:02697@1942-01-01;fr:commune:02157@1942-01-01;fr:commune:02153@1942-01-01;fr:commune:02408@1942-01-01,1999-01-01,2016-12-31,removed,,,43699
fr:epci:240200428@1999-01-01,240200428,Villes d'Oyse,,CC,4TX,fr:commune:02473@1942-01-01;fr:commune:02017@1942-01-01;fr:commune:02685@1942-01-01;fr:commune:02716@1942-01-01;fr:commune:02329@1942-01-01;fr:commune:02059@1942-01-01;fr:commune:02262@1942-01-01;fr:commune:02122@1942-01-01;fr:commune:02074@1942-01-01;fr:commune:02680@1942-01-01;fr:commune:02260@1942-01-01;fr:commune:02016@1942-01-01;fr:commune:02002@1942-01-01;fr:commune:02492@1942-01-01;fr:commune:02165@1942-01-01;fr:commune:02304@1942-01-01;fr:commune:02651@1942-01-01;fr:commune:02746@1942-01-01,1999-01-01,2016-12-31,removed,,,14607
fr:epci:240200436@1999-01-01,240200436,Communauté de Communes de la Vallée de l'Aisne,,CC,4TX,fr:commune:02277@1942-01-01;fr:commune:02687@1942-01-01;fr:commune:02267@1942-01-01;fr:commune:02643@1942-01-01;fr:commune:02254@1942-01-01;fr:commune:02514@1942-01-01;fr:commune:02736@1942-01-01;fr:commune:02672@1942-01-01;fr:commune:02673@1942-01-01;fr:commune:02762@1942-01-01;fr:commune:02415@1942-01-01;fr:commune:02527@1942-01-01;fr:commune:02562@1942-01-01;fr:commune:02528@1942-01-01;fr:commune:02598@1942-01-01;fr:commune:02326@1942-01-01;fr:commune:02011@1942-01-01;fr:commune:02087@1942-01-01;fr:commune:02201@1942-01-01;fr:commune:02795@1942-01-01;fr:commune:02667@1942-01-01;fr:commune:02793@1942-01-01;fr:commune:02071@1942-01-01,1999-01-01,2016-12-31,removed,,,10006
fr:epci:240200444@1999-01-01,240200444,Thierache du Centre,,CC,4TX,fr:commune:02535@1942-01-01;fr:commune:02377@1942-01-01;fr:commune:02728@1942-01-01;fr:commune:02040@1942-01-01;fr:commune:02385@1942-01-01;fr:commune:02629@1942-01-01;fr:commune:02384@1942-01-01;fr:commune:02342@1942-01-01;fr:commune:02681@1942-01-01;fr:commune:02688@1942-01-01;fr:commune:02103@1942-01-01;fr:commune:02182@1942-01-01;fr:commune:02401@1942-01-01;fr:commune:02789@1942-01-01;fr:commune:02404@1942-01-01;fr:commune:02269@1942-01-01;fr:commune:02623@1942-01-01;fr:commune:02197@1942-01-01;fr:commune:02284@1942-01-01;fr:commune:02584@1942-01-01;fr:commune:02826@1942-01-01;fr:commune:02373@1942-01-01;fr:commune:02109@1942-01-01;fr:commune:02657@1942-01-01;fr:commune:02379@1942-01-01;fr:commune:02286@1942-01-01;fr:commune:02416@1942-01-01;fr:commune:02463@1942-01-01;fr:commune:02832@1942-01-01;fr:commune:02321@1956-10-19;fr:commune:02067@1942-01-01;fr:commune:02759@1961-06-22;fr:commune:02312@1942-01-01;fr:commune:02141@1942-01-01;fr:commune:02444@1942-01-01;fr:commune:02331@1942-01-01;fr:commune:02135@1942-01-01;fr:commune:02668@1942-01-01;fr:commune:02547@1942-01-01;fr:commune:02136@1942-01-01;fr:commune:02116@1956-02-24;fr:commune:02608@1942-01-01;fr:commune:02650@1942-01-01;fr:commune:02731@1942-01-01;fr:commune:02295@1942-01-01;fr:commune:02403@1942-01-01;fr:commune:02491@1942-01-01;fr:commune:02445@1942-01-01;fr:commune:02558@1956-02-24;fr:commune:02725@1942-01-01;fr:commune:02419@1942-01-01;fr:commune:02369@1942-01-01;fr:commune:02337@1942-01-01;fr:commune:02206@1942-01-01;fr:commune:02357@1942-01-01;fr:commune:02068@1942-01-01;fr:commune:02044@1942-01-01;fr:commune:02050@1956-02-24;fr:commune:02308@1972-05-01;fr:commune:02276@1942-01-01;fr:commune:02418@1942-01-01;fr:commune:02548@1942-01-01;fr:commune:02823@1942-01-01;fr:commune:02652@1942-01-01;fr:commune:02740@1942-01-01;fr:commune:02324@1942-01-01;fr:commune:02341@1942-01-01;fr:commune:02670@1942-01-01,1999-01-01,2017-12-31,inner;renamed;taxmodel,fr:epci:240200444@2017-01-01,,28511
fr:epci:240200451@1999-01-01,240200451,Thierache d'Aumale,,CC,4TX,fr:commune:02647@1942-01-01;fr:commune:02760@1942-01-01;fr:commune:02298@1942-01-01;fr:commune:02366@1942-01-01;fr:commune:02476@1942-01-01;fr:commune:02358@1942-01-01;fr:commune:02769@1942-01-01;fr:commune:02569@1942-01-01;fr:commune:02779@1942-01-01;fr:commune:02830@1942-01-01;fr:commune:02488@1942-01-01;fr:commune:02683@1942-01-01,1999-01-01,2016-12-31,removed,,,6137
fr:epci:240200469@1999-01-01,240200469,Communauté de Communes du Pays de la Serre,,CC,4TX,fr:commune:02231@1942-01-01;fr:commune:02529@1942-01-01;fr:commune:02283@1942-01-01;fr:commune:02338@1942-01-01;fr:commune:02689@1942-01-01;fr:commune:02248@1942-01-01;fr:commune:02096@1942-01-01;fr:commune:02600@1942-01-01;fr:commune:02004@1942-01-01;fr:commune:02787@1942-01-01;fr:commune:02046@1942-01-01;fr:commune:02727@1942-01-01;fr:commune:02737@1942-01-01;fr:commune:02460@1942-01-01;fr:commune:02048@1942-01-01;fr:commune:02827@1942-01-01;fr:commune:02027@1942-01-01;fr:commune:02194@1942-01-01;fr:commune:02638@1942-01-01;fr:commune:02353@1942-01-01;fr:commune:02560@1942-01-01;fr:commune:02468@1942-01-01;fr:commune:02742@1942-01-01;fr:commune:02545@1942-01-01;fr:commune:02559@1942-01-01;fr:commune:02513@1942-01-01;fr:commune:02517@1942-01-01;fr:commune:02180@1942-01-01;fr:commune:02039@1942-01-01;fr:commune:02480@1942-01-01;fr:commune:02156@1942-01-01;fr:commune:02261@1942-01-01;fr:commune:02745@1942-01-01;fr:commune:02101@1942-01-01;fr:commune:02047@1942-01-01;fr:commune:02493@1942-01-01;fr:commune:02591@1942-01-01;fr:commune:02790@1942-01-01;fr:commune:02237@1942-01-01;fr:commune:02169@1942-01-01;fr:commune:02516@1942-01-01;fr:commune:02617@1942-01-01,1999-01-01,2017-12-31,taxmodel,fr:epci:240200469@2017-01-01,,16037
fr:epci:240200477@1999-01-01,240200477,Communauté de Communes du Soisonnais,,CC,4TX,fr:commune:02245@1942-01-01;fr:commune:02089@1942-01-01;fr:commune:02226@1942-01-01;fr:commune:02576@1942-01-01;fr:commune:02564@1942-01-01;fr:commune:02722@1942-01-01;fr:commune:02175@1942-01-01;fr:commune:02064@1942-01-01;fr:commune:02706@1942-01-01;fr:commune:02077@1942-01-01;fr:commune:02593@1942-01-01;fr:commune:02253@1942-01-01;fr:commune:02485@1942-01-01;fr:commune:02780@1942-01-01;fr:commune:02805@1942-01-01;fr:commune:02043@1942-01-01;fr:commune:02003@1942-01-01;fr:commune:02424@1942-01-01;fr:commune:02714@1942-01-01;fr:commune:02767@1996-01-01;fr:commune:02770@1942-01-01;fr:commune:02243@1942-01-01;fr:commune:02610@1942-01-01;fr:commune:02477@1942-01-01;fr:commune:02711@1942-01-01;fr:commune:02607@1942-01-01,1999-01-01,2017-12-31,inner;renamed;kind;taxmodel,fr:epci:240200477@2017-01-01,,53834
fr:epci:240200485@1999-01-01,240200485,Région de Guise,,CC,4TX,fr:commune:02361@1942-01-01;fr:commune:02783@1961-01-01;fr:commune:02035@1942-01-01;fr:commune:02070@1942-01-01;fr:commune:02753@1942-01-01;fr:commune:02784@1961-01-01;fr:commune:02450@1942-01-01;fr:commune:02469@1942-01-01;fr:commune:02006@1942-01-01;fr:commune:02654@1942-01-01;fr:commune:02376@1942-01-01;fr:commune:02625@1942-01-01;fr:commune:02455@1942-01-01;fr:commune:02624@1962-03-08;fr:commune:02814@1942-01-01;fr:commune:02188@1942-01-01;fr:commune:02386@1942-01-01;fr:commune:02244@1942-01-01;fr:commune:02313@1942-01-01;fr:commune:02494@1942-01-01;fr:commune:02422@1942-01-01;fr:commune:02414@1942-01-01;fr:commune:02757@1971-01-01;fr:commune:02563@1942-01-01,1999-01-01,2016-12-31,removed,,,12535
fr:epci:240200493@1999-01-01,240200493,Pays Vermandois,,CC,4TX,fr:commune:02618@1942-01-01;fr:commune:02330@1942-01-01;fr:commune:02343@1942-01-01;fr:commune:02635@1942-01-01;fr:commune:02327@1942-01-01;fr:commune:02392@1942-01-01;fr:commune:02511@1942-01-01;fr:commune:02615@1942-01-01;fr:commune:02782@1942-01-01;fr:commune:02774@1942-01-01;fr:commune:02112@1942-01-01;fr:commune:02451@1942-01-01;fr:commune:02063@1942-01-01;fr:commune:02426@1942-01-01;fr:commune:02709@1942-01-01;fr:commune:02500@1942-01-01;fr:commune:02785@1942-01-01;fr:commune:02772@1942-01-01;fr:commune:02095@1956-06-08;fr:commune:02060@1961-06-22;fr:commune:02776@1942-01-01;fr:commune:02293@1942-01-01;fr:commune:02452@1942-01-01;fr:commune:02270@1942-01-01;fr:commune:02065@1942-01-01;fr:commune:02317@1942-01-01;fr:commune:02029@1942-01-01;fr:commune:02057@1942-01-01;fr:commune:02143@1942-01-01;fr:commune:02658@1942-01-01;fr:commune:02808@1942-01-01;fr:commune:02144@1942-01-01;fr:commune:02539@1942-01-01;fr:commune:02355@1942-01-01;fr:commune:02747@1942-01-01;fr:commune:02702@1942-01-01;fr:commune:02614@1942-01-01;fr:commune:02323@1942-01-01;fr:commune:02390@1942-01-01;fr:commune:02708@1942-01-01;fr:commune:02374@1998-11-19;fr:commune:02296@1942-01-01;fr:commune:02334@1942-01-01;fr:commune:02703@1942-01-01;fr:commune:02240@1942-01-01;fr:commune:02291@1942-01-01;fr:commune:02061@1942-01-01,1999-01-01,2017-12-31,inner;renamed;taxmodel,fr:epci:240200493@2017-01-01,,29997
fr:epci:240200501@1999-01-01,240200501,Communauté de Communes du Val de l'Aisne,,CC,4TX,fr:commune:02255@1942-01-01;fr:commune:02620@1942-01-01;fr:commune:02739@1942-01-01;fr:commune:02698@1942-01-01;fr:commune:02773@1942-01-01;fr:commune:02054@1942-01-01;fr:commune:02464@1942-01-01;fr:commune:02036@1942-01-01;fr:commune:02589@1942-01-01;fr:commune:02577@1942-01-01;fr:commune:02148@1942-01-01;fr:commune:02763@1942-01-01;fr:commune:02479@1942-01-01;fr:commune:02646@1942-01-01;fr:commune:02432@1942-01-01;fr:commune:02490@1942-01-01;fr:commune:02581@1942-01-01;fr:commune:02131@1942-01-01;fr:commune:02758@1956-06-08;fr:commune:02797@1942-01-01;fr:commune:02427@1942-01-01;fr:commune:02176@1942-01-01;fr:commune:02439@1971-01-01;fr:commune:02210@1942-01-01;fr:commune:02551@1942-01-01;fr:commune:02633@1942-01-01;fr:commune:02179@1942-01-01;fr:commune:02348@1942-01-01;fr:commune:02198@1942-01-01;fr:commune:02520@1942-01-01;fr:commune:02190@1942-01-01;fr:commune:02735@1942-01-01;fr:commune:02263@1942-01-01;fr:commune:02174@1942-01-01;fr:commune:02537@1942-01-01;fr:commune:02118@1942-01-01;fr:commune:02152@1942-01-01;fr:commune:02400@1942-01-01;fr:commune:02421@1942-01-01;fr:commune:02597@1942-01-01;fr:commune:02730@1942-01-01;fr:commune:02829@1942-01-01;fr:commune:02393@1942-01-01;fr:commune:02715@1942-01-01;fr:commune:02487@1942-01-01;fr:commune:02167@1942-01-01;fr:commune:02091@1942-01-01;fr:commune:02008@1971-02-25;fr:commune:02129@1942-01-01;fr:commune:02682@1942-01-01;fr:commune:02695@1942-01-01;fr:commune:02523@1942-01-01;fr:commune:02771@1942-01-01;fr:commune:02811@1942-01-01;fr:commune:02010@1942-01-01;fr:commune:02195@1942-01-01;fr:commune:02766@1942-01-01;fr:commune:02230@1942-01-01;fr:commune:02311@1942-01-01,1999-01-01,2017-12-31,inner;taxmodel,fr:epci:240200501@2017-01-01,,15973
fr:epci:240200519@1999-01-01,240200519,Communauté de Communes du Canton d'Oulchy le Ch6teau,,CC,4TX,fr:commune:02121@1942-01-01;fr:commune:02585@1942-01-01;fr:commune:02533@1942-01-01;fr:commune:02804@1942-01-01;fr:commune:02663@1942-01-01;fr:commune:02272@1942-01-01;fr:commune:02172@1942-01-01;fr:commune:02012@1942-01-01;fr:commune:02022@1942-01-01;fr:commune:02138@1942-01-01;fr:commune:02412@1942-01-01;fr:commune:02799@1942-01-01;fr:commune:02536@1942-01-01;fr:commune:02580@1942-01-01;fr:commune:02665@1961-01-01;fr:commune:02693@1942-01-01;fr:commune:02082@1942-01-01;fr:commune:02233@1942-01-01;fr:commune:02606@1942-01-01;fr:commune:02372@1942-01-01;fr:commune:02090@1942-01-01;fr:commune:02249@1942-01-01;fr:commune:02154@1942-01-01;fr:commune:02447@1942-01-01;fr:commune:02579@1942-01-01;fr:commune:02507@1942-01-01,1999-01-01,2017-12-31,renamed;taxmodel,fr:epci:240200519@2017-01-01,,5560
fr:epci:240200527@1999-01-01,240200527,Autour de St Simon,,CC,4TX,fr:commune:02032@1979-06-15;fr:commune:02320@1942-01-01;fr:commune:02199@1942-01-01;fr:commune:02504@1942-01-01;fr:commune:02315@1942-01-01;fr:commune:02025@1942-01-01;fr:commune:02246@1942-01-01;fr:commune:02815@1942-01-01;fr:commune:02710@1942-01-01;fr:commune:02117@1942-01-01;fr:commune:02694@1942-01-01;fr:commune:02273@1942-01-01;fr:commune:02367@1942-01-01;fr:commune:02726@1942-01-01;fr:commune:02570@1942-01-01;fr:commune:02257@1942-01-01,1999-01-01,2016-12-31,removed,,,7925
fr:epci:240200550@1999-01-01,240200550,Canton Conde sur Brie,,CC,4TX,fr:commune:02748@1966-05-07;fr:commune:02590@1942-01-01;fr:commune:02051@1942-01-01;fr:commune:02147@1942-01-01;fr:commune:02669@1942-01-01;fr:commune:02213@1942-01-01;fr:commune:02800@1942-01-01;fr:commune:02518@1942-01-01;fr:commune:02458@1942-01-01;fr:commune:02325@1942-01-01;fr:commune:02389@1942-01-01;fr:commune:02228@1942-01-01;fr:commune:02026@1942-01-01;fr:commune:02053@1942-01-01;fr:commune:02223@1942-01-01;fr:commune:02677@1942-01-01;fr:commune:02146@1942-01-01;fr:commune:02161@1942-01-01;fr:commune:02515@1942-01-01;fr:commune:02664@1942-01-01;fr:commune:02209@1942-01-01,1999-01-01,2016-12-31,removed,,,5732
fr:epci:240200568@1999-01-01,240200568,L'Ourcq Et du Clignon,,CC,4TX,fr:commune:02512@1942-01-01;fr:commune:02449@1942-01-01;fr:commune:02125@1942-01-01;fr:commune:02356@1942-01-01;fr:commune:02466@1942-01-01;fr:commune:02594@1942-01-01;fr:commune:02192@1942-01-01;fr:commune:02467@1942-01-01;fr:commune:02241@1942-01-01;fr:commune:02428@1942-01-01;fr:commune:02137@1942-01-01;fr:commune:02375@1942-01-01;fr:commune:02557@1942-01-01;fr:commune:02749@1942-01-01;fr:commune:02622@1942-01-01;fr:commune:02796@1942-01-01;fr:commune:02185@1942-01-01;fr:commune:02307@1942-01-01;fr:commune:02225@1942-01-01;fr:commune:02496@1942-01-01;fr:commune:02099@1942-01-01;fr:commune:02679@1942-01-01;fr:commune:02339@1942-01-01;fr:commune:02509@1942-01-01;fr:commune:02015@1942-01-01;fr:commune:02744@1942-01-01;fr:commune:02718@1942-01-01;fr:commune:02543@1942-01-01;fr:commune:02023@1942-01-01;fr:commune:02411@1942-01-01;fr:commune:02258@1942-01-01,1999-01-01,2016-12-31,removed,,,9331
fr:epci:240200576@1999-01-01,240200576,Champagne Picarde,,CC,4TX,fr:commune:02211@1942-01-01;fr:commune:02534@1942-01-01;fr:commune:02104@1942-01-01;fr:commune:02409@1942-01-01;fr:commune:02453@1942-01-01;fr:commune:02399@1942-01-01;fr:commune:02601@1942-01-01;fr:commune:02626@1942-01-01;fr:commune:02761@1942-01-01;fr:commune:02541@1942-01-01;fr:commune:02344@1942-01-01;fr:commune:02274@1942-01-01;fr:commune:02218@1942-01-01;fr:commune:02627@1942-01-01;fr:commune:02803@1942-01-01;fr:commune:02005@1942-01-01;fr:commune:02013@1942-01-01;fr:commune:02360@1942-01-01;fr:commune:02350@1942-01-01;fr:commune:02482@1942-01-01;fr:commune:02448@1942-01-01;fr:commune:02454@1942-01-01;fr:commune:02656@1942-01-01;fr:commune:02720@1942-01-01;fr:commune:02472@1942-01-01;fr:commune:02430@1988-03-18;fr:commune:02364@1942-01-01;fr:commune:02486@1942-01-01;fr:commune:02073@1942-01-01;fr:commune:02299@1942-01-01;fr:commune:02097@1942-01-01;fr:commune:02189@1942-01-01;fr:commune:02346@1942-01-01;fr:commune:02171@1942-01-01;fr:commune:02208@1942-01-01;fr:commune:02160@1942-01-01;fr:commune:02498@1942-01-01;fr:commune:02676@1942-01-01;fr:commune:02705@1942-01-01;fr:commune:02613@1942-01-01;fr:commune:02229@1942-01-01;fr:commune:02475@1942-01-01;fr:commune:02076@1942-01-01;fr:commune:02572@1942-01-01;fr:commune:02690@1942-01-01,1999-01-01,2017-12-31,inner;renamed;taxmodel,fr:epci:240200576@2017-01-01,,19840
fr:epci:240200584@1999-01-01,240200584,Canton Charly sur Marne,,CC,4TX,fr:commune:02505@1942-01-01;fr:commune:02521@1942-01-01;fr:commune:02701@1942-01-01;fr:commune:02818@1970-04-13;fr:commune:02268@1942-01-01;fr:commune:02653@1958-12-19;fr:commune:02281@1942-01-01;fr:commune:02084@1942-01-01;fr:commune:02289@1942-01-01;fr:commune:02798@1942-01-01;fr:commune:02443@1942-01-01;fr:commune:02163@1942-01-01;fr:commune:02242@1973-03-16;fr:commune:02777@1942-01-01;fr:commune:02162@1942-01-01;fr:commune:02221@1942-01-01;fr:commune:02186@1942-01-01;fr:commune:02596@1942-01-01,1999-01-01,2017-12-31,inner;renamed;taxmodel,fr:epci:240200584@2017-01-01,,11861
fr:epci:240200592@1999-01-01,240200592,Chemin des Dames,,CC,4TX,fr:commune:02349@1942-01-01;fr:commune:02582@1942-01-01;fr:commune:02530@1942-01-01;fr:commune:02007@1942-01-01;fr:commune:02178@1942-01-01;fr:commune:02578@1942-01-01;fr:commune:02778@1942-01-01;fr:commune:02764@1942-01-01;fr:commune:02072@1942-01-01;fr:commune:02215@1942-01-01;fr:commune:02609@1942-01-01;fr:commune:02396@1942-01-01;fr:commune:02058@1942-01-01;fr:commune:02115@1942-01-01;fr:commune:02252@1942-01-01;fr:commune:02588@1942-01-01;fr:commune:02102@1975-01-01;fr:commune:02106@1942-01-01;fr:commune:02033@1942-01-01;fr:commune:02696@1942-01-01;fr:commune:02565@1942-01-01;fr:commune:02751@1942-01-01;fr:commune:02234@1942-01-01;fr:commune:02250@1942-01-01;fr:commune:02531@1942-01-01;fr:commune:02235@1942-01-01;fr:commune:02550@1942-01-01;fr:commune:02583@1942-01-01,1999-01-01,2017-12-31,inner;renamed;taxmodel,fr:epci:240200592@2017-01-01,,4343
fr:epci:240200600@1999-01-01,240200600,Pays 3 Rivieres,,CC,4TX,fr:commune:02567@1942-01-01;fr:commune:02544@1942-01-01;fr:commune:02130@1942-01-01;fr:commune:02674@1942-01-01;fr:commune:02388@1942-01-01;fr:commune:02204@1942-01-01;fr:commune:02574@1956-08-29;fr:commune:02134@1942-01-01;fr:commune:02278@1942-01-01;fr:commune:02275@1942-01-01;fr:commune:02405@1942-01-01;fr:commune:02055@1942-01-01;fr:commune:02425@1942-01-01;fr:commune:02831@1942-01-01;fr:commune:02378@1942-01-01;fr:commune:02522@1942-01-01;fr:commune:02435@1942-01-01;fr:commune:02391@1942-01-01;fr:commune:02495@1942-01-01;fr:commune:02031@1942-01-01;fr:commune:02470@1942-01-01;fr:commune:02020@1942-01-01;fr:commune:02079@1942-01-01;fr:commune:02833@1942-01-01;fr:commune:02684@1942-01-01;fr:commune:02381@1942-01-01,1999-01-01,2017-12-31,renamed;taxmodel,fr:epci:240200600@2017-01-01,,23861
fr:epci:240200618@1999-01-01,240200618,Région Vallée Marne,,CC,4TX,fr:commune:02347@1942-01-01;fr:commune:02328@1942-01-01;fr:commune:02098@1942-01-01;fr:commune:02114@1942-01-01;fr:commune:02105@1942-01-01;fr:commune:02524@1979-06-15;fr:commune:02297@1942-01-01;fr:commune:02042@1942-01-01;fr:commune:02540@1942-01-01;fr:commune:02280@1942-01-01;fr:commune:02554@1942-01-01;fr:commune:02094@1942-01-01;fr:commune:02062@1942-01-01,1999-01-01,2016-12-31,removed,,,6961
fr:epci:240200626@1999-01-01,240200626,Communauté de Communes du Tardenois,,CC,4TX,fr:commune:02816@1942-01-01;fr:commune:02794@1942-01-01;fr:commune:02351@1942-01-01;fr:commune:02442@1942-01-01;fr:commune:02305@1942-01-01;fr:commune:02809@1942-01-01;fr:commune:02462@1942-01-01;fr:commune:02220@1971-01-01;fr:commune:02538@1942-01-01;fr:commune:02699@1942-01-01;fr:commune:02713@1942-01-01;fr:commune:02193@1942-01-01;fr:commune:02655@1942-01-01;fr:commune:02083@1942-01-01;fr:commune:02227@1942-01-01;fr:commune:02271@1942-01-01;fr:commune:02127@1956-02-24,1999-01-01,2016-12-31,removed,,,6592
fr:epci:240200634@1999-01-01,240200634,Communauté de Communes de Rozoy-sur-serre,,CC,4TX,fr:commune:02556@1942-01-01;fr:commune:02433@1942-01-01;fr:commune:02641@1942-01-01;fr:commune:02678@1942-01-01;fr:commune:02021@1942-01-01;fr:commune:02126@1942-01-01;fr:commune:02502@1942-01-01;fr:commune:02819@1942-01-01;fr:commune:02660@1942-01-01;fr:commune:02642@1942-01-01;fr:commune:02251@1942-01-01;fr:commune:02181@1942-01-01;fr:commune:02802@1942-01-01;fr:commune:02666@1942-01-01;fr:commune:02743@1942-01-01;fr:commune:02038@1942-01-01;fr:commune:02723@1942-01-01;fr:commune:02354@1942-01-01;fr:commune:02526@1942-01-01;fr:commune:02266@1942-01-01;fr:commune:02069@1942-01-01;fr:commune:02265@1942-01-01;fr:commune:02634@1942-01-01;fr:commune:02256@1942-01-01;fr:commune:02801@1942-01-01;fr:commune:02519@1942-01-01;fr:commune:02264@1942-01-01;fr:commune:02586@1942-01-01,1999-01-01,2017-12-31,inner;renamed;taxmodel,fr:epci:240200634@2017-01-01,,7149
fr:epci:240200642@1999-01-01,240200642,Communauté de Communes du Val de l'Ailette,,CC,4TX,fr:commune:02632@1942-01-01;fr:commune:02395@1942-01-01;fr:commune:02049@1942-01-01;fr:commune:02236@1942-01-01;fr:commune:02217@1942-01-01;fr:commune:02406@1942-01-01;fr:commune:02750@1942-01-01;fr:commune:02363@1942-01-01;fr:commune:02219@1942-01-01;fr:commune:02707@1942-01-01;fr:commune:02786@1942-01-01;fr:commune:02423@1956-06-08;fr:commune:02159@1942-01-01;fr:commune:02318@1942-01-01;fr:commune:02616@1942-01-01;fr:commune:02086@1942-01-01,1999-01-01,2016-12-31,removed,,,7399
fr:epci:240200659@1999-01-01,240200659,Communauté de Communes des Vallons d'Anizy,,CC,4TX,fr:commune:02499@1942-01-01;fr:commune:02155@1942-01-01;fr:commune:02733@1942-01-01;fr:commune:02619@1942-01-01;fr:commune:02111@1942-01-01;fr:commune:02018@1942-01-01;fr:commune:02052@1942-01-01;fr:commune:02661@1942-01-01;fr:commune:02108@1942-01-01;fr:commune:02755@1942-01-01;fr:commune:02301@1942-01-01;fr:commune:02768@1942-01-01;fr:commune:02834@1942-01-01;fr:commune:02478@1942-01-01;fr:commune:02183@1942-01-01;fr:commune:02434@1942-01-01;fr:commune:02602@1942-01-01,1999-01-01,2016-12-31,removed,,,8133
fr:epci:240300418@1999-01-01,240300418,Montagne Bourbonnaise,,CC,4TX,fr:commune:03006@1942-01-01;fr:commune:03066@1942-01-01;fr:commune:03139@1942-01-01;fr:commune:03201@1942-01-01;fr:commune:03141@1942-01-01;fr:commune:03068@1942-01-01;fr:commune:03008@1942-01-01;fr:commune:03050@1942-01-01;fr:commune:03113@1942-01-01;fr:commune:03248@1942-01-01;fr:commune:03125@1942-01-01;fr:commune:03165@1942-01-01,1999-01-01,2016-12-31,removed,,,5442
fr:epci:240300426@1999-01-01,240300426,District de l'Agglo Vichyssoise,,DISTRICT,4TX,fr:commune:03095@1942-01-01;fr:commune:03310@1942-01-01;fr:commune:03023@1942-01-01,1999-01-01,2016-12-31,removed,,,49734
fr:epci:240300491@1999-01-01,240300491,Communauté de Communes du Pays de Lapalisse,,CC,4TX,fr:commune:03138@1942-01-01;fr:commune:03004@1942-01-01;fr:commune:03230@1942-01-01;fr:commune:03257@1942-01-01;fr:commune:03017@1942-01-01,1999-01-01,2017-12-31,inner;taxmodel,fr:epci:240300491@2017-01-01,,5263
fr:epci:240400010@1999-01-01,240400010,District du Teillon,,DISTRICT,4TX,fr:commune:04210@1942-01-01;fr:commune:04148@1942-01-01;fr:commune:04069@1942-01-01,1999-01-01,2016-12-31,removed,,,328
fr:epci:240400275@1999-01-01,240400275,Serre Poncon,,DISTRICT,4TX,fr:commune:04033@1942-01-01;fr:commune:04198@1942-01-01,1999-01-01,2016-12-31,removed,,,538
fr:epci:240400291@1999-01-01,240400291,District de la Moyenne Durance,,DISTRICT,4TX,fr:commune:04145@1942-01-01;fr:commune:04108@1942-01-01;fr:commune:04079@1942-01-01;fr:commune:04149@1942-01-01;fr:commune:04049@1991-12-20;fr:commune:04244@1942-01-01,1999-01-01,2016-12-31,removed,,,12826
fr:epci:240400366@1999-01-01,240400366,Communauté de Communes de Haute Provence,,CC,4TX,fr:commune:04068@1942-01-01;fr:commune:04190@1980-06-12;fr:commune:04111@1942-01-01;fr:commune:04192@1942-01-01,1999-01-01,2016-12-31,removed,,,3014
fr:epci:240400374@1999-01-01,240400374,Vallée de l'Ubaye,,CC,4TX,fr:commune:04154@1942-01-01;fr:commune:04019@1942-01-01;fr:commune:04086@1942-01-01;fr:commune:04226@1973-04-01;fr:commune:04161@1973-05-15;fr:commune:04062@1942-01-01;fr:commune:04073@1942-01-01;fr:commune:04193@1998-12-09;fr:commune:04220@1942-01-01;fr:commune:04102@1959-05-16;fr:commune:04195@1942-01-01;fr:commune:04120@1942-01-01;fr:commune:04096@1942-01-01;fr:commune:04100@1942-01-01,1999-01-01,2016-12-31,removed,,,7710
fr:epci:240400382@1999-01-01,240400382,Moy Verdon,,CC,4TX,fr:commune:04005@1942-01-01;fr:commune:04007@1942-01-01;fr:commune:04039@1942-01-01;fr:commune:04136@1974-01-01;fr:commune:04092@1942-01-01;fr:commune:04173@1942-01-01;fr:commune:04183@1955-05-28;fr:commune:04099@1942-01-01,1999-01-01,2016-12-31,removed,,,3016
fr:epci:240400390@1999-01-01,240400390,Val de Rancure,,CC,4TX,fr:commune:04156@1942-01-01;fr:commune:04077@1942-01-01;fr:commune:04041@1942-01-01,1999-01-01,2016-12-31,removed,,,604
fr:epci:240400408@1999-01-01,240400408,Communauté de Communes des Duyes Bleone,,CC,4TX,fr:commune:04046@1962-12-20;fr:commune:04110@1942-01-01;fr:commune:04122@1942-01-01;fr:commune:04217@1942-01-01;fr:commune:04040@1973-04-01;fr:commune:04021@1942-01-01;fr:commune:04177@1973-09-01,1999-01-01,2016-12-31,removed,,,3098
fr:epci:240500181@1999-01-01,240500181,District du Haut Buech,,DISTRICT,4TX,fr:commune:05066@1942-01-01;fr:commune:05055@1942-01-01;fr:commune:05080@1942-01-01;fr:commune:05154@1942-01-01;fr:commune:05010@1942-01-01;fr:commune:05008@1942-01-01;fr:commune:05019@1942-01-01;fr:commune:05146@1942-01-01,1999-01-01,2016-12-31,removed,,,1736
fr:epci:240500199@1999-01-01,240500199,District des Deux Buech,,DISTRICT,4TX,fr:commune:05131@1942-01-01;fr:commune:05087@1942-01-01;fr:commune:05102@1942-01-01;fr:commune:05060@1942-01-01;fr:commune:05179@1942-01-01;fr:commune:05167@1942-01-01;fr:commune:05035@1953-08-07;fr:commune:05099@1942-01-01;fr:commune:05112@1983-02-14;fr:commune:05158@1942-01-01;fr:commune:05028@1942-01-01;fr:commune:05123@1942-01-01;fr:commune:05076@1942-01-01,1999-01-01,2016-12-31,removed,,,5455
fr:epci:240500215@1999-01-01,240500215,District du Champsaur,,DISTRICT,4TX,fr:commune:05148@1942-01-01;fr:commune:05147@1942-01-01;fr:commune:05141@1942-01-01;fr:commune:05025@1942-01-01;fr:commune:05095@1942-01-01;fr:commune:05153@1942-01-01;fr:commune:05043@1942-01-01;fr:commune:05020@1942-01-01;fr:commune:05132@1988-03-18;fr:commune:05054@1942-01-01;fr:commune:05029@1942-01-01;fr:commune:05072@1942-01-01,1999-01-01,2016-12-31,removed,,,4671
fr:epci:240500223@1999-01-01,240500223,District du Queyras,,DISTRICT,4TX,fr:commune:05007@1942-01-01;fr:commune:05003@1942-01-01;fr:commune:05038@1942-01-01;fr:commune:05157@1942-01-01;fr:commune:05026@1942-01-01;fr:commune:05001@1942-01-01;fr:commune:05077@1942-01-01;fr:commune:05120@1942-01-01,1999-01-01,2016-12-31,removed,,,2457
fr:epci:240500314@1999-01-01,240500314,Communauté de Communes de Tallard Barcillonnette,,CC,4TX,fr:commune:05100@1942-01-01;fr:commune:05168@1942-01-01;fr:commune:05170@1942-01-01;fr:commune:05057@1942-01-01;fr:commune:05074@1942-01-01;fr:commune:05092@1942-01-01;fr:commune:05162@1942-01-01;fr:commune:05049@1942-01-01;fr:commune:05184@1942-01-01;fr:commune:05013@1942-01-01;fr:commune:05068@1942-01-01;fr:commune:05037@1942-01-01;fr:commune:05059@1942-01-01;fr:commune:05071@1942-01-01,1999-01-01,2016-12-31,removed,,,5853
fr:epci:240500322@1999-01-01,240500322,Canton Ribiers,,CC,4TX,fr:commune:05155@1942-01-01;fr:commune:05005@1942-01-01;fr:commune:05014@1942-01-01;fr:commune:05034@1942-01-01;fr:commune:05047@1942-01-01;fr:commune:05118@1942-01-01;fr:commune:05160@1942-01-01,1999-01-01,2016-12-31,removed,,,1552
fr:epci:240500330@1999-01-01,240500330,Ht Champsaur,,CC,4TX,fr:commune:05145@1942-01-01;fr:commune:05149@1942-01-01;fr:commune:05032@1942-01-01;fr:commune:05096@1942-01-01,1999-01-01,2016-12-31,removed,,,2061
fr:epci:240500348@1999-01-01,240500348,St Firmin Valgaudemar,,CC,4TX,fr:commune:05144@1942-01-01;fr:commune:05064@1963-01-01;fr:commune:05152@1942-01-01;fr:commune:05062@1942-01-01;fr:commune:05182@1942-01-01;fr:commune:05039@1942-01-01;fr:commune:05009@1942-01-01;fr:commune:05142@1942-01-01,1999-01-01,2016-12-31,removed,,,1587
fr:epci:240500363@1999-01-01,240500363,Embrunais,,CC,4TX,fr:commune:05128@1942-01-01;fr:commune:05046@1942-01-01;fr:commune:05045@1970-12-30;fr:commune:05012@1942-01-01;fr:commune:05156@1942-01-01;fr:commune:05036@1996-08-11;fr:commune:05044@1942-01-01;fr:commune:05098@1942-01-01,1999-01-01,2016-12-31,removed,,,10350
fr:epci:240500389@1999-01-01,240500389,Communauté de Communes du Laragnais,,CC,4TX,fr:commune:05053@1942-01-01;fr:commune:05070@1949-03-30;fr:commune:05103@1942-01-01;fr:commune:05173@1942-01-01;fr:commune:05073@1942-01-01;fr:commune:05178@1942-01-01;fr:commune:05078@1942-01-01,1999-01-01,2016-12-31,removed,,,5779
fr:epci:240500397@1999-01-01,240500397,Communauté de Communes du Serrois,,CC,4TX,fr:commune:05081@1942-01-01;fr:commune:05021@1942-01-01;fr:commune:05166@1942-01-01;fr:commune:05016@1942-01-01;fr:commune:05048@1942-01-01;fr:commune:05089@1942-01-01;fr:commune:05165@1942-01-01,1999-01-01,2016-12-31,removed,,,1959
fr:epci:240500405@1999-01-01,240500405,Communauté de Communes du Devoluy,,CC,4TX,fr:commune:05138@1942-01-01;fr:commune:05139@1942-01-01;fr:commune:05042@1942-01-01;fr:commune:05002@1942-01-01,1999-01-01,2016-12-31,removed,,,954
fr:epci:240500413@1999-01-01,240500413,Interdepartementale des B,,CC,4TX,fr:commune:05086@1942-01-01;fr:commune:26374@1942-01-01;fr:commune:05091@1942-01-01;fr:commune:05159@1942-01-01;fr:commune:05051@1969-01-01;fr:commune:05094@1942-01-01;fr:commune:05135@1942-01-01;fr:commune:05129@1942-01-01;fr:commune:05117@1942-01-01;fr:commune:05172@1942-01-01;fr:commune:26153@1942-01-01;fr:commune:05069@1942-01-01;fr:commune:05033@1942-01-01;fr:commune:05126@1942-01-01;fr:commune:05097@1942-01-01;fr:commune:05169@1942-01-01,1999-01-01,2016-12-31,removed,,,2129
fr:epci:240500421@1999-01-01,240500421,Communauté de Communes du Pays de Serre Poncon,,CC,4TX,fr:commune:05121@1942-01-01;fr:commune:05115@1942-01-01;fr:commune:05127@1942-01-01;fr:commune:05050@1942-01-01;fr:commune:05171@1953-08-13;fr:commune:05040@1942-01-01;fr:commune:05022@1942-01-01,1999-01-01,2016-12-31,removed,,,3508
fr:epci:240500439@1999-01-01,240500439,Brianconnais,,CC,4TX,fr:commune:05023@1942-01-01;fr:commune:05063@1942-01-01;fr:commune:05183@1942-01-01;fr:commune:05181@1942-01-01;fr:commune:05174@1942-01-01;fr:commune:05027@1942-01-01;fr:commune:05079@1942-01-01;fr:commune:05093@1942-01-01;fr:commune:05161@1987-02-06;fr:commune:05085@1942-01-01,1999-01-01,2017-12-31,inner;renamed;taxmodel,fr:epci:240500439@2017-01-01,,16928
fr:epci:240500447@1999-01-01,240500447,Vallée de l'Oule,,CC,4TX,fr:commune:05150@1942-01-01;fr:commune:05024@1942-01-01;fr:commune:05088@1942-01-01,1999-01-01,2016-12-31,removed,,,205
fr:epci:240500454@1999-01-01,240500454,Communauté de Communes du Savinois,,CC,4TX,fr:commune:05106@1942-01-01;fr:commune:05108@1942-01-01;fr:commune:05163@1991-12-20;fr:commune:05130@1942-01-01;fr:commune:05111@1942-01-01;fr:commune:05114@1942-01-01;fr:commune:05164@1961-12-28,1999-01-01,2016-12-31,removed,,,1773
fr:epci:240600460@1999-01-01,240600460,Provence d'Azur CC Moyen Pay,,CC,4TX,fr:commune:06084@1942-01-01;fr:commune:06108@1942-01-01;fr:commune:06069@1942-01-01;fr:commune:06157@1942-01-01;fr:commune:06090@1942-01-01;fr:commune:06007@1942-01-01;fr:commune:06152@1942-01-01,1999-01-01,2016-12-31,removed,,,95242
fr:epci:240600486@1999-01-01,240600486,Le Broc-gattieres-carros,,CC,TPU,fr:commune:06064@1942-01-01;fr:commune:06033@1942-01-01;fr:commune:06025@1942-01-01,1999-01-01,2016-12-31,removed,,,15403
fr:epci:240700286@1999-01-01,240700286,"Les Deux Chenes, Charmes-st Georges",,CC,4TX,fr:commune:07055@1942-01-01;fr:commune:07240@1942-01-01,1999-01-01,2016-12-31,removed,,,3876
fr:epci:240700302@1999-01-01,240700302,Porte de la Cevenne,,CC,4TX,fr:commune:07189@1942-01-01;fr:commune:07118@1942-01-01;fr:commune:07329@1942-01-01;fr:commune:07275@1942-01-01;fr:commune:07110@1942-01-01;fr:commune:07081@1942-01-01;fr:commune:07213@1942-01-01;fr:commune:07336@1942-01-01;fr:commune:07053@1942-01-01;fr:commune:07176@1942-01-01;fr:commune:07088@1942-01-01;fr:commune:07029@1942-01-01;fr:commune:07196@1942-01-01,1999-01-01,2017-12-31,inner;renamed;taxmodel,fr:epci:240700302@2017-01-01,,3871
fr:epci:240700310@1999-01-01,240700310,Communauté de Communes du Pays de Vals,,CC,4TX,fr:commune:07254@1942-01-01;fr:commune:07331@1942-01-01;fr:commune:07325@1942-01-01,1999-01-01,2016-12-31,removed,,,6181
fr:epci:240700328@1999-01-01,240700328,Porte Htes Cevennes Ardec,,CC,4TX,fr:commune:07182@1942-01-01;fr:commune:07178@1942-01-01;fr:commune:07127@1942-01-01,1999-01-01,2016-12-31,removed,,,2442
fr:epci:240700336@1999-01-01,240700336,Pays Jales,,CC,4TX,fr:commune:07024@1942-01-01;fr:commune:07031@1975-07-01;fr:commune:07280@1942-01-01,1999-01-01,2016-12-31,removed,,,1916
fr:epci:240700575@1999-01-01,240700575,Pays de Cruzieres,,CC,4TX,fr:commune:07211@1942-01-01;fr:commune:07294@1942-01-01,1999-01-01,2016-12-31,removed,,,926
fr:epci:240700617@1999-01-01,240700617,Val de Ligne,,CC,4TX,fr:commune:07187@1942-01-01;fr:commune:07132@1942-01-01;fr:commune:07327@1942-01-01;fr:commune:07058@1942-01-01;fr:commune:07062@1942-01-01;fr:commune:07109@1942-01-01;fr:commune:07193@1942-01-01;fr:commune:07307@1942-01-01,1999-01-01,2017-12-31,inner;taxmodel,fr:epci:240700617@2017-01-01,,4468
fr:epci:240700625@1999-01-01,240700625,Communauté de Communes des Grands Serres,,CC,4TX,fr:commune:07161@1956-08-08;fr:commune:07322@1942-01-01,1999-01-01,2016-12-31,removed,,,1679
fr:epci:240700633@1999-01-01,240700633,Vallée de la Vocance,,CC,4TX,fr:commune:07258@1942-01-01;fr:commune:07342@1942-01-01;fr:commune:07160@1942-01-01;fr:commune:07333@1942-01-01;fr:commune:07347@1942-01-01,1999-01-01,2000-12-31,inner;renamed,fr:epci:240700641@2000-01-01,,2825
fr:epci:240700641@1999-01-01,240700641,Canton de Saint Agreve,,CC,4TX,fr:commune:07212@1942-01-01;fr:commune:07204@1942-01-01;fr:commune:07114@1942-01-01;fr:commune:07151@1942-01-01;fr:commune:07080@1942-01-01;fr:commune:07192@1942-01-01,1999-01-01,2016-12-31,removed,,,4009
fr:epci:240700666@1999-01-01,240700666,District Urbain d'Annonay,,DISTRICT,4TX,fr:commune:07010@1942-01-01;fr:commune:07227@1942-01-01;fr:commune:07225@1942-01-01;fr:commune:07041@1942-01-01;fr:commune:07265@1942-01-01;fr:commune:07078@1942-01-01;fr:commune:07310@1942-01-01,1999-01-01,2016-12-31,removed,,,26974
fr:epci:240800821@1999-01-01,240800821,Région de Chooz,,DISTRICT,4TX,fr:commune:08122@1942-01-01;fr:commune:08175@1942-01-01;fr:commune:08486@1942-01-01;fr:commune:08185@1942-01-01;fr:commune:08207@1942-01-01;fr:commune:08247@1942-01-01;fr:commune:08166@1942-01-01;fr:commune:08222@1942-01-01;fr:commune:08028@1942-01-01;fr:commune:08190@1942-01-01;fr:commune:08106@1942-01-01;fr:commune:08214@1942-01-01;fr:commune:08226@1942-01-01;fr:commune:08304@1942-01-01;fr:commune:08183@1942-01-01;fr:commune:08487@1942-01-01;fr:commune:08353@1942-01-01,1999-01-01,2017-12-31,inner;renamed;kind;taxmodel,fr:epci:240800821@2017-01-01,,24008
